Datetime,Water Level (m)
2025-03-28 00:00:00,0.3672169
2025-03-28 01:00:00,0.08662374
2025-03-28 02:00:00,-0.18538319
2025-03-28 03:00:00,-0.37448913
2025-03-28 04:00:00,-0.5318069
2025-03-28 05:00:00,-0.63636255
2025-03-28 06:00:00,-0.36766848
2025-03-28 07:00:00,0.14144033
2025-03-28 08:00:00,0.5478515
2025-03-28 09:00:00,0.9575027
2025-03-28 10:00:00,1.0184062
2025-03-28 11:00:00,0.8704245
2025-03-28 12:00:00,0.5651532
2025-03-28 13:00:00,0.2810746
2025-03-28 14:00:00,-0.013757873
2025-03-28 15:00:00,-0.23899768
2025-03-28 16:00:00,-0.4110262
2025-03-28 17:00:00,-0.54452693
2025-03-28 18:00:00,-0.33592206
2025-03-28 19:00:00,0.23697987
2025-03-28 20:00:00,0.65931386
2025-03-28 21:00:00,1.1056374
2025-03-28 22:00:00,1.1944002
2025-03-28 23:00:00,1.0512146
2025-03-29 00:00:00,0.7268857
2025-03-29 01:00:00,0.428114
2025-03-29 02:00:00,0.11746078
2025-03-29 03:00:00,-0.1317402
2025-03-29 04:00:00,-0.30665255
2025-03-29 05:00:00,-0.4667338
2025-03-29 06:00:00,-0.54600906
2025-03-29 07:00:00,0.036763035
2025-03-29 08:00:00,0.48465
2025-03-29 09:00:00,0.9762133
2025-03-29 10:00:00,1.2233698
2025-03-29 11:00:00,1.1815467
2025-03-29 12:00:00,0.89854217
2025-03-29 13:00:00,0.5899245
2025-03-29 14:00:00,0.27898586
2025-03-29 15:00:00,-0.011097488
2025-03-29 16:00:00,-0.2124528
2025-03-29 17:00:00,-0.38715938
2025-03-29 18:00:00,-0.5082774
2025-03-29 19:00:00,-0.11946212
2025-03-29 20:00:00,0.43222743
2025-03-29 21:00:00,0.9007916
2025-03-29 22:00:00,1.2443675
2025-03-29 23:00:00,1.2399702
2025-03-30 00:00:00,0.97876906
2025-03-30 01:00:00,0.6535493
2025-03-30 02:00:00,0.34438372
2025-03-30 03:00:00,0.044459347
2025-03-30 04:00:00,-0.16731703
2025-03-30 05:00:00,-0.343655
2025-03-30 06:00:00,-0.50099236
2025-03-30 07:00:00,-0.44732195
2025-03-30 08:00:00,0.25907397
2025-03-30 09:00:00,0.70242304
2025-03-30 10:00:00,1.1831197
2025-03-30 11:00:00,1.3102947
2025-03-30 12:00:00,1.1738818
2025-03-30 13:00:00,0.8363532
2025-03-30 14:00:00,0.53168935
2025-03-30 15:00:00,0.20911407
2025-03-30 16:00:00,-0.05057465
2025-03-30 17:00:00,-0.23516952
2025-03-30 18:00:00,-0.4077679
2025-03-30 19:00:00,-0.47179666
2025-03-30 20:00:00,0.10836501
2025-03-30 21:00:00,0.5521137
2025-03-30 22:00:00,1.0350568
2025-03-30 23:00:00,1.2377439
2025-03-31 00:00:00,1.1395111
2025-03-31 01:00:00,0.82048124
2025-03-31 02:00:00,0.5177854
2025-03-31 03:00:00,0.20394869
2025-03-31 04:00:00,-0.058585122
2025-03-31 05:00:00,-0.24199845
2025-03-31 06:00:00,-0.41198993
2025-03-31 07:00:00,-0.53474665
2025-03-31 08:00:00,-0.16359718
2025-03-31 09:00:00,0.43111706
2025-03-31 10:00:00,0.91011864
2025-03-31 11:00:00,1.2862723
2025-03-31 12:00:00,1.3213993
2025-03-31 13:00:00,1.0887914
2025-03-31 14:00:00,0.75179195
2025-03-31 15:00:00,0.44310695
2025-03-31 16:00:00,0.13352221
2025-03-31 17:00:00,-0.096122
2025-03-31 18:00:00,-0.27029634
2025-03-31 19:00:00,-0.42365688
2025-03-31 20:00:00,-0.36810136
2025-03-31 21:00:00,0.2682217
2025-03-31 22:00:00,0.6723554
2025-03-31 23:00:00,1.1026908
2025-04-01 00:00:00,1.1760602
2025-04-01 01:00:00,0.99756527
2025-04-01 02:00:00,0.6746114
2025-04-01 03:00:00,0.38347945
2025-04-01 04:00:00,0.08594447
2025-04-01 05:00:00,-0.13785534
2025-04-01 06:00:00,-0.30639985
2025-04-01 07:00:00,-0.4646446
2025-04-01 08:00:00,-0.50219876
2025-04-01 09:00:00,0.12097713
2025-04-01 10:00:00,0.56048167
2025-04-01 11:00:00,1.0729743
2025-04-01 12:00:00,1.2968204
2025-04-01 13:00:00,1.2588433
2025-04-01 14:00:00,0.9615752
2025-04-01 15:00:00,0.6487865
2025-04-01 16:00:00,0.33590597
2025-04-01 17:00:00,0.04823332
2025-04-01 18:00:00,-0.15109758
2025-04-01 19:00:00,-0.31772628
2025-04-01 20:00:00,-0.4430595
2025-04-01 21:00:00,-0.19548938
2025-04-01 22:00:00,0.32133067
2025-04-01 23:00:00,0.70141226
2025-04-02 00:00:00,1.0375847
2025-04-02 01:00:00,1.0246655
2025-04-02 02:00:00,0.7979648
2025-04-02 03:00:00,0.49813578
2025-04-02 04:00:00,0.21082236
2025-04-02 05:00:00,-0.053942684
2025-04-02 06:00:00,-0.2387256
2025-04-02 07:00:00,-0.40759125
2025-04-02 08:00:00,-0.5393301
2025-04-02 09:00:00,-0.4105339
2025-04-02 10:00:00,0.18761238
2025-04-02 11:00:00,0.5952914
2025-04-02 12:00:00,1.0601047
2025-04-02 13:00:00,1.1891403
2025-04-02 14:00:00,1.0985761
2025-04-02 15:00:00,0.7885713
2025-04-02 16:00:00,0.4984877
2025-04-02 17:00:00,0.19359004
2025-04-02 18:00:00,-0.057446975
2025-04-02 19:00:00,-0.2282392
2025-04-02 20:00:00,-0.3880137
2025-04-02 21:00:00,-0.4672079
2025-04-02 22:00:00,-0.11283071
2025-04-02 23:00:00,0.25271916
2025-04-03 00:00:00,0.6017811
